preprocess,model,depth,horizon_ms,accuracy,f1_macro,f1_weighted,mcc,precision,recall,training_time,inference_time_ms,n_samples,f1_class_0,f1_class_1,f1_class_2
raw,logistic,5,100,0.494,0.3319184753160542,0.48850016898653015,0.0065845675460769314,0.32922871641917206,0.3356038288417009,1.3960282802581787,0.00039899349212646484,2000,0.5184108527131783,0.0,0.4773445732349842
raw,logistic,5,500,0.4917458729364682,0.319513418792854,0.4784147168799297,-0.019728820771377803,0.3233401530185156,0.32691622685015237,1.1628327369689941,0.0020214889930927375,1999,0.5662650602409639,0.0,0.3922751961375981
raw,logistic,5,1000,0.493993993993994,0.31996079669534555,0.4818061905144548,-0.02228109138815638,0.32368179998135077,0.3261455315702582,1.8254311084747314,0.00013460268129457585,1998,0.5691056910569106,0.0,0.3907766990291262
raw,logistic,5,5000,0.5236180904522613,0.27772857002263557,0.43133826795625607,-0.001504651754372657,0.3318492923117815,0.3330432153247687,2.0272321701049805,0.00014712463072196922,1990,0.6666666666666666,0.0,0.16651904340124005
raw,logistic,5,10000,0.5323232323232323,0.31693483706109876,0.4934985158976953,0.00742941973575999,0.3356983716923854,0.33540394541703605,1.4820599555969238,0.00013691006284771544,1980,0.6486897075579188,0.0,0.3021148036253776
raw,logistic,10,100,0.4855,0.3141186847304544,0.46262035668924634,-0.012201696353180804,0.32235810123744324,0.3294213613620895,1.6621510982513428,0.0003490447998046875,2000,0.5698560541913632,0.0,0.3725
raw,logistic,10,500,0.5152576288144072,0.32041248670733957,0.48161954100623383,0.02358969348280049,0.33946942232522864,0.34026979038358524,1.50453782081604,0.00016864625855408173,1999,0.618066561014263,0.0,0.34317089910775567
raw,logistic,10,1000,0.5105105105105106,0.3201437864076106,0.48402946600301816,0.004512964075731541,0.3331947331947332,0.33469850440633336,1.9418458938598633,0.00013269342340387262,1998,0.6079613992762364,0.0,0.35246995994659547
raw,logistic,10,5000,0.5291457286432161,0.2621874886082172,0.41054870436399227,0.009580095422283337,0.33684251207729465,0.3348023111372626,2.218722105026245,0.0012185705367045187,1990,0.6809962470146708,0.0,0.10556621880998081
raw,logistic,10,10000,0.5333333333333333,0.31134290292374295,0.4867702075652278,0.003938577392412561,0.3343352677190956,0.3343793411048604,1.4634323120117188,0.00012113590433139995,1980,0.6554684583799926,0.0,0.27856025039123633
raw,logistic,20,100,0.4825,0.30440849702889494,0.44844615728183895,-0.019909568247381954,0.3187441983793372,0.32725235405874886,1.6189289093017578,0.00012254714965820312,2000,0.5838762214983714,0.0,0.3293492695883134
raw,logistic,20,500,0.5147573786893447,0.30935733160697887,0.4662547689521871,0.019724939504291182,0.33949843260188084,0.33873825003330915,1.488919734954834,0.00012308552958119684,1999,0.6305756767060617,0.0,0.2974963181148748
raw,logistic,20,1000,0.522022022022022,0.2992010403319228,0.4565411983836525,0.020325222581346263,0.34073687836356,0.3383145825461253,1.2231578826904297,0.00012923289347697308,1998,0.6507878343715646,0.0,0.24681528662420382
raw,logistic,20,5000,0.5201005025125628,0.229986465869896,0.3657215091060872,-0.0834981322491935,0.21227901360351695,0.32683632440913996,1.5572311878204346,0.0003240815359144355,1990,0.6836700894335873,0.0,0.006289308176100629
raw,logistic,20,10000,0.552020202020202,0.23780877888958063,0.39466158468443,-0.024834837903358477,0.25097046413502105,0.33249514624776644,1.470400094985962,0.000127276988944622,1980,0.7111690003256268,0.0,0.002257336343115124
raw,logistic,40,100,0.4955,0.332636154352564,0.4893779640329249,0.010320252107175003,0.3306705248702598,0.3368767611061176,1.528169870376587,0.00011491775512695312,2000,0.47491995731056563,0.0,0.5229885057471264
raw,logistic,40,500,0.4912456228114057,0.31450769555133884,0.47163299549838167,-0.02438365797085374,0.32229770468223745,0.32571165982809774,1.2936220169067383,0.00023770296555748578,1999,0.5766666666666667,0.0,0.3668564199873498
raw,logistic,40,1000,0.5105105105105106,0.33187220020064867,0.49929147099487253,0.012528902771921936,0.335971389226938,0.33740006690421726,2.7873101234436035,0.00013257409478570367,1998,0.5813653928724775,0.0,0.4142512077294686
raw,logistic,40,5000,0.5266331658291458,0.23189672656850954,0.36875693494714,-0.042582707983136216,0.24771062271062272,0.3309398597626753,1.4011821746826172,0.00011405753130888818,1990,0.6893139841688655,0.0,0.006376195536663124
raw,logistic,40,10000,0.554040404040404,0.24111082210165236,0.3991700266329062,0.014911256358538539,0.3698630136986301,0.33400857795416067,2.02561092376709,0.00033246146308051213,1980,0.7120965112487773,0.0,0.011235955056179775
raw,xgboost,5,100,0.494,0.3324722896151468,0.4892218139003853,0.00697469886463809,0.32940587867417137,0.3357396082832387,0.2948188781738281,0.0007750988006591797,2000,0.4959183673469388,0.0,0.5014985014985015
raw,xgboost,5,500,0.5092546273136568,0.34054943740534277,0.5058384041082772,0.030897873925304187,0.34088588020009625,0.343773367376627,0.08908915519714355,0.0003977618615826468,1999,0.493492972410203,0.0,0.5281553398058253
raw,xgboost,5,1000,0.5370370370370371,0.35627794489871184,0.5292590522000216,0.09387131342761956,0.3636911890868011,0.3641366985883752,0.08626675605773926,0.0005075046130725452,1998,0.49058693244739754,0.0,0.578246902248738
raw,xgboost,5,5000,0.5804020100502513,0.3468953521611264,0.5295677234995454,0.16058460649195225,0.40280169497062274,0.37437890229152365,0.08368897438049316,0.0005341055405199827,1990,0.6908821349147517,0.0,0.34980392156862744
raw,xgboost,5,10000,0.591919191919192,0.3570485488167634,0.5523557295266794,0.1508860836047843,0.3951433214387429,0.3742608902182048,0.08455395698547363,0.000382914687647964,1980,0.6976047904191617,0.0,0.3735408560311284
raw,xgboost,10,100,0.4785,0.32097276717281553,0.47220006750355736,-0.02326581783351467,0.31915584415584414,0.3253375868321651,0.09985995292663574,0.0003789663314819336,2000,0.45361930294906166,0.0,0.5092989985693849
raw,xgboost,10,500,0.51975987993997,0.3469555384391789,0.5149947493454615,0.053757526577490805,0.3486704551272206,0.3513875633213421,0.0896151065826416,0.0004081382579717593,1999,0.49307774227902024,0.0,0.5477888730385164
raw,xgboost,10,1000,0.5355355355355356,0.35656227811676516,0.5302735147268223,0.08708689217163039,0.3610002047502048,0.36225552535385425,0.0872502326965332,0.00037970366301359954,1998,0.5026910656620022,0.0,0.5669957686882934
raw,xgboost,10,5000,0.5346733668341709,0.2923099891505638,0.4520226594276937,0.035991377114022095,0.3507961938888602,0.3410858177241673,0.08728909492492676,0.00041058315104575615,1990,0.6714031971580817,0.0,0.20552677029360966
raw,xgboost,10,10000,0.5747474747474748,0.3250569503711,0.50981097690389,0.10540670926534339,0.38338588823418346,0.35798252373022255,0.13568997383117676,0.0004934542106859612,1980,0.6990707648320229,0.0,0.27610008628127697
raw,xgboost,20,100,0.487,0.32776819618747843,0.48232222531415386,-0.0069099479142655795,0.324656963880741,0.33094368443749383,0.1583719253540039,0.000611424446105957,2000,0.4944834503510532,0.0,0.4888211382113821
raw,xgboost,20,500,0.542271135567784,0.36285014859853004,0.5392007881030141,0.09596700001246888,0.3628231204666279,0.3657777886542295,0.1428208351135254,0.0006117303112615879,1999,0.5322331098504384,0.0,0.5563173359451518
raw,xgboost,20,1000,0.5370370370370371,0.35755076313416795,0.5317549818489227,0.09026745315224806,0.36215757454927083,0.36328177374727266,0.1085958480834961,0.00037791373374106526,1998,0.5043103448275862,0.0,0.5683419445749178
raw,xgboost,20,5000,0.5336683417085427,0.2891843445146764,0.4476991677068497,0.03238456927885563,0.3492785422505494,0.340147020365467,0.08135676383972168,0.000744728586781564,1990,0.6720905553590378,0.0,0.19546247818499127
raw,xgboost,20,10000,0.5712121212121212,0.3139820988819853,0.49527758700655566,0.09493115484304379,0.3819333040167776,0.3539238064464458,0.09162211418151855,0.0006433689233028526,1980,0.7013717903622934,0.0,0.24057450628366248
raw,xgboost,40,100,0.498,0.3347491767427367,0.4925171150482725,0.015103648644215296,0.33226615764399825,0.33853555637531235,0.08924508094787598,0.0003706216812133789,2000,0.48554913294797686,0.0,0.5186983972802331
raw,xgboost,40,500,0.5282641320660331,0.35352676810603917,0.5253911391473949,0.06771554164994902,0.3532859119547549,0.35624593832508084,0.08503890037536621,0.0003681831684274755,1999,0.519774011299435,0.0,0.5408062930186824
raw,xgboost,40,1000,0.545045045045045,0.36358433278102575,0.5411744021388512,0.10386830316332189,0.3664897178383549,0.36804836064352653,0.0867929458618164,0.00038197090675880956,1998,0.5216473072861668,0.0,0.5691056910569106
raw,xgboost,40,5000,0.5366834170854271,0.2896744229919524,0.44859606918206435,0.041816688004505775,0.35473861520730515,0.34195310712301,0.08327221870422363,0.00036349847688147774,1990,0.6753612971448714,0.0,0.1936619718309859
raw,xgboost,40,10000,0.5717171717171717,0.31304394681373715,0.4941430412142151,0.09658029519844036,0.3834471902402599,0.35400527767881557,0.08664178848266602,0.0003656955680461845,1980,0.7024561403508772,0.0,0.23667570009033423
raw,catboost,5,100,0.482,0.32417913974738055,0.4770815808968378,-0.016912326257666546,0.32126984126984126,0.3274903144575663,0.46456193923950195,0.007994890213012695,2000,0.49926289926289924,0.0,0.47327451997924236
raw,catboost,5,500,0.5252626313156579,0.34987206303433993,0.5190242604193066,0.06665440473825375,0.35322106066956893,0.3555580027571805,0.35925889015197754,0.00790538282141559,1999,0.4891304347826087,0.0,0.560485754320411
raw,catboost,5,1000,0.5415415415415415,0.36190053360559543,0.539350006529886,0.09295756385182259,0.3626155051533068,0.36465066924532313,0.3609349727630615,0.007560183932712009,1998,0.532719836400818,0.0,0.5529817644159685
raw,catboost,5,5000,0.5909547738693467,0.3568748007600732,0.5439092305567397,0.1865060054618831,0.41286305531709794,0.3817983638978784,0.35990405082702637,0.007540137324500923,1990,0.6969809914275065,0.0,0.3736434108527132
raw,catboost,5,10000,0.543939393939394,0.267499196475467,0.4323846042561501,-0.010261849626642987,0.32616352359294576,0.3316369365711934,0.36060309410095215,0.0075826741228199965,1980,0.6935866983372921,0.0,0.10891089108910891
raw,catboost,10,100,0.493,0.33179927833160056,0.4882638905877317,0.004882846972458393,0.3286454369597444,0.3350156821791215,0.3641359806060791,0.00751948356628418,2000,0.5030120481927711,0.0,0.49238578680203043
raw,catboost,10,500,0.5332666333166584,0.35387468566353725,0.5245675235074829,0.08570735356910213,0.360098911884357,0.3615760794198501,0.37914323806762695,0.0075323096271035905,1999,0.4840693124650643,0.0,0.5775547445255474
raw,catboost,10,1000,0.534034034034034,0.3566951997949313,0.5313471736047786,0.0794719860213417,0.3582283157672507,0.3599981851892482,0.40476274490356445,0.011260803039367493,1998,0.5202072538860104,0.0,0.5498783454987834
raw,catboost,10,5000,0.5386934673366834,0.29887950890044973,0.4612518093081182,0.048748003895004624,0.356680022790761,0.3441821123859959,0.38970375061035156,0.007547685249366952,1990,0.6721487307829818,0.0,0.22448979591836735
raw,catboost,10,10000,0.548989898989899,0.2749665229794048,0.44258628652598453,0.012447521261626375,0.3410927153594885,0.3354947375107362,0.3735480308532715,0.007755467385956736,1980,0.6957410562180579,0.0,0.12915851272015655
raw,catboost,20,100,0.5005,0.336763946824089,0.49551215575020935,0.0198044732190672,0.33370520364740014,0.34018326760846335,0.36803102493286133,0.007485151290893555,2000,0.49614791987673346,0.0,0.5141439205955335
raw,catboost,20,500,0.5297648824412207,0.3510763219388863,0.5202852889164693,0.0793704562570787,0.3580840935627494,0.3593817552961522,0.3672618865966797,0.007580375003480744,1999,0.47661971830985916,0.0,0.5766092475067996
raw,catboost,20,1000,0.54004004004004,0.36099330014137315,0.538709186782209,0.08678072939482442,0.3605422118722175,0.36263270803622577,0.3662590980529785,0.007602068277689311,1998,0.5454545454545454,0.0,0.537525354969574
raw,catboost,20,5000,0.5517587939698493,0.31543046146616166,0.484730797613286,0.08659965651953151,0.3728796633726211,0.3537508989572096,0.3646409511566162,0.00793370769251531,1990,0.677536231884058,0.0,0.26875515251442705
raw,catboost,20,10000,0.5621212121212121,0.2887934804213874,0.46189543617450596,0.06382890527055703,0.3729646352546718,0.34473827021384124,0.36681580543518066,0.007834819832233468,1980,0.7035897435897436,0.0,0.16279069767441862
raw,catboost,40,100,0.4835,0.3242701519037386,0.4772798418693358,-0.014289598832268687,0.3221499946639865,0.32842241261363303,0.36626100540161133,0.0076700448989868155,2000,0.5154835636017151,0.0,0.4573268921095008
raw,catboost,40,500,0.5332666333166584,0.35530875590539984,0.5271501441864013,0.08272066922385019,0.3587061169339651,0.3609221327634073,0.3611118793487549,0.007893933004710363,1999,0.498371335504886,0.0,0.5675549322113137
raw,catboost,40,1000,0.5285285285285285,0.3532714970451498,0.5266730286798782,0.06632444439073196,0.35373965918348493,0.35566532451931215,0.36708998680114746,0.00784776590249918,1998,0.5236400610066091,0.0,0.5361744301288405
raw,catboost,40,5000,0.5381909547738694,0.3038973066847343,0.4680024928976809,0.047842081258579416,0.3551169590643275,0.34452535059331174,0.367887020111084,0.0076988833633499535,1990,0.6681127982646421,0.0,0.2435791217895609
raw,catboost,40,10000,0.5601010101010101,0.2907800394843764,0.46422085298414095,0.0568313217258478,0.3669913344849188,0.343967055243019,0.35972094535827637,0.007686831734397195,1980,0.7005843932622895,0.0,0.1717557251908397
savgol,logistic,5,100,0.719,0.48730043350582025,0.7069643223322171,0.4566644028169489,0.47923383191075547,0.49567333076473025,1.4958999156951904,0.00012767314910888672,2000,0.7359522625559424,0.0,0.7259490379615184
savgol,logistic,5,500,0.5757878939469735,0.3859575815131371,0.5724889035210863,0.16098819507082024,0.3837388361568344,0.38821105713055776,1.5317409038543701,0.0002572630690955829,1999,0.5886419753086419,0.0,0.5692307692307692
savgol,logistic,5,1000,0.5585585585585585,0.3714901748363671,0.555432802937874,0.11830827387896684,0.3711899338323028,0.37296108342604023,1.4548001289367676,0.00011002098595177208,1998,0.5939675174013921,0.0,0.5205030071077091
savgol,logistic,5,5000,0.5316582914572864,0.3175346918894307,0.4829209102422164,0.047814150262363964,0.35261273614873306,0.3460510458270345,1.6161231994628906,0.00012831472272249923,1990,0.6472148541114059,0.0,0.30538922155688625
savgol,logistic,5,10000,0.5262626262626262,0.3171500716113574,0.49269172484810914,-0.002029989028248797,0.3323249589580039,0.33276690954284466,1.4257400035858154,0.0014309931283045297,1980,0.6386748844375963,0.0,0.31277533039647576
savgol,logistic,10,100,0.7065,0.47876321219609624,0.6946271351136554,0.4321436363576987,0.47089835850242884,0.48690440515433026,1.2454490661621094,0.0001341104507446289,2000,0.7248520710059172,0.0,0.7114375655823715
savgol,logistic,10,500,0.5712856428214107,0.3830323511917421,0.5680289670575742,0.15243281511550297,0.3808679630322917,0.38533095545579404,1.7916309833526611,0.0008199738525879151,1999,0.5786852589641435,0.0,0.5704117946110828
savgol,logistic,10,1000,0.5475475475475475,0.3653992272499475,0.5457647739402431,0.09847542806759899,0.3643286754397866,0.36650157220723667,1.300950050354004,0.00014021112634851648,1998,0.5708812260536399,0.0,0.5253164556962026
savgol,logistic,10,5000,0.5246231155778894,0.2656791633240693,0.41011564502676756,0.02423448624650905,0.3494958784658356,0.3372967671970913,2.044973134994507,0.00011010385637906328,1990,0.6740179186767746,0.0,0.12301957129543337
savgol,logistic,10,10000,0.5308080808080808,0.3299938028480493,0.508917662398176,0.018646149321585155,0.33994315635500955,0.3390148087242364,1.8621578216552734,0.00011162324385209517,1980,0.629732961339179,0.0,0.36024844720496896
savgol,logistic,20,100,0.638,0.4319051014007367,0.6269512754192677,0.2987539497683649,0.4251231025595688,0.43926680651283584,1.463454008102417,0.00023245811462402344,2000,0.6653734238603298,0.0,0.6303418803418803
savgol,logistic,20,500,0.5537768884442221,0.3712598413233788,0.550355432169939,0.11909970657218084,0.36972621597944594,0.37388502825437825,1.399679183959961,0.0009399583901447795,1999,0.5511247443762781,0.0,0.5626547795938583
savgol,logistic,20,1000,0.5345345345345346,0.3553176311695605,0.5314031408952244,0.07014733029864324,0.3549354593773728,0.35681941714036075,3.1941189765930176,0.0008512903620172907,1998,0.57169373549884,0.0,0.49425915800984144
savgol,logistic,20,5000,0.5145728643216081,0.2289662161744622,0.357914325214872,-0.06235709675762747,0.23337028824833705,0.3289609414579658,1.786466121673584,0.00011705273958905856,1990,0.6786427145708582,0.0,0.008255933952528379
savgol,logistic,20,10000,0.5505050505050505,0.23942295729526297,0.3962684634202433,-0.02267062742263956,0.2866007065295321,0.3321036110809455,1.7239248752593994,0.00041506507179953837,1980,0.7093403004572175,0.0,0.008928571428571428
savgol,logistic,40,100,0.623,0.4222793391893158,0.612632838993565,0.27106687425524845,0.41546516031641895,0.42966879289923937,1.3305506706237793,0.000152587890625,2000,0.6377396569122099,0.0,0.6290983606557377
savgol,logistic,40,500,0.5317658829414708,0.35545005150691394,0.526440033825136,0.07815623283657398,0.35615407887098227,0.35970932496976404,1.4598608016967773,0.000206693045314161,1999,0.5058949624866024,0.0,0.5604551920341394
savgol,logistic,40,1000,0.5535535535535535,0.3674792159016415,0.5497005183857395,0.10761223131418177,0.36767672218491887,0.36925687173938443,1.446314811706543,0.0008237254512202633,1998,0.593850390087196,0.0,0.5085872576177285
savgol,logistic,40,5000,0.5170854271356784,0.22909526493993804,0.3582085866610047,-0.048233906289914016,0.239831223628692,0.3305357349952085,1.8506407737731934,0.00013777958088783762,1990,0.6810487885828078,0.0,0.006237006237006237
savgol,logistic,40,10000,0.554040404040404,0.2404276689265259,0.3979278438857721,0.024395767505715787,0.4067882472137791,0.3342345091022545,1.416243076324463,0.0002575643134839607,1980,0.7122841316389703,0.0,0.008998875140607425
savgol,xgboost,5,100,0.8035,0.5446352052986044,0.7900971740495278,0.6214292866839325,0.5358395568851136,0.5541960985772793,0.30600690841674805,0.0003864765167236328,2000,0.8207975769813226,0.0,0.8131080389144906
savgol,xgboost,5,500,0.6348174087043522,0.4252341784003251,0.6302163581962247,0.2825439654192961,0.4256120183311211,0.4290039562962507,0.08950018882751465,0.0003907249950658923,1999,0.624405705229794,0.0,0.6512968299711815
savgol,xgboost,5,1000,0.5590590590590591,0.37363902195445187,0.5566429604860929,0.12805800568550035,0.3744742036207147,0.37635542551191986,0.0911397933959961,0.0003777944051228963,1998,0.5497679216090768,0.0,0.5711491442542788
savgol,xgboost,5,5000,0.5648241206030151,0.33156691391065557,0.5045377367712386,0.13909310703956618,0.3971972531424816,0.3669987839772557,0.0855720043182373,0.00037140582674112754,1990,0.6818515797207936,0.0,0.3128491620111732
savgol,xgboost,5,10000,0.603030303030303,0.36867695090506186,0.5685146044459476,0.17846929999193148,0.4045183749641114,0.3828383589223813,0.08092594146728516,0.00037568988222064394,1980,0.7029890276201286,0.0,0.40304182509505704
savgol,xgboost,10,100,0.8055,0.5459606633635509,0.7920366514006357,0.6247944604137752,0.5369550905439303,0.5554218930604906,0.09182095527648926,0.00037848949432373047,2000,0.8234117058529264,0.0,0.814470284237726
savgol,xgboost,10,500,0.6398199099549775,0.4282162739266377,0.6345230725635066,0.2945465492864189,0.43023601085342755,0.43261997007154135,0.08999204635620117,0.0003711648915277951,1999,0.6236559139784946,0.0,0.6609929078014184
savgol,xgboost,10,1000,0.5385385385385385,0.3600995948446504,0.5368195983580328,0.0850041328010661,0.359861547654456,0.36198458779723347,0.08496308326721191,0.00037385656072332096,1998,0.5381120646138314,0.0,0.5421867199201198
savgol,xgboost,10,5000,0.5391959798994975,0.3021478000092757,0.4620079331242848,0.07045382920836156,0.36852015735972615,0.34892392499316705,0.08359122276306152,0.00037332276004043655,1990,0.670262495505214,0.0,0.23618090452261306
savgol,xgboost,10,10000,0.5656565656565656,0.3162493770932116,0.4973848291786616,0.0797155801381476,0.37115009746588695,0.35168746369354514,0.08539819717407227,0.0003671405291316485,1980,0.6937611408199643,0.0,0.25498699045967044
savgol,xgboost,20,100,0.805,0.5456291351468352,0.7915659962196883,0.6240009291603656,0.5366888134219203,0.5551250767013428,0.09093976020812988,0.0003839731216430664,2000,0.8232931726907631,0.0,0.8135942327497425
savgol,xgboost,20,500,0.64032016008004,0.428510553691898,0.634948167837437,0.2957507192997065,0.4306986941930124,0.43298006819315465,0.08772611618041992,0.0003716419672238463,1999,0.6235864297253635,0.0,0.6619452313503305
savgol,xgboost,20,1000,0.55005005005005,0.36779913421135335,0.5483233289174554,0.10794365759312294,0.36757530205226735,0.3697049127031297,0.0859830379486084,0.0003683674442875493,1998,0.5502271580010096,0.0,0.5531702446330504
savgol,xgboost,20,5000,0.5341708542713568,0.295296986281081,0.45215021303418573,0.05570975722757939,0.36188819076823625,0.3453114625572829,0.21633195877075195,0.0006406151469628416,1990,0.6685734715766893,0.0,0.21731748726655348
savgol,xgboost,20,10000,0.5707070707070707,0.3167103286494987,0.4986126738489094,0.09436899957108968,0.379699421965318,0.3543661690204454,0.09084010124206543,0.0003611198579422151,1980,0.6994690265486726,0.0,0.2506619593998235
savgol,xgboost,40,100,0.8075,0.5473029386072864,0.7940038367429673,0.628609642462355,0.5382637822153952,0.5567632746835623,0.09084486961364746,0.0004138946533203125,2000,0.8261738261738262,0.0,0.8157349896480331
savgol,xgboost,40,500,0.6298149074537268,0.42184031060385774,0.6251566527336705,0.2725799472684229,0.4221522695383799,0.42564349602662127,0.0912618637084961,0.000380229329752767,1999,0.618066561014263,0.0,0.6474543707973103
savgol,xgboost,40,1000,0.5620620620620621,0.3758350123675201,0.5604364500133334,0.1312086329129329,0.3753452151573539,0.3775766165287493,0.08704400062561035,0.00037791373374106526,1998,0.5654135338345865,0.0,0.5620915032679739
savgol,xgboost,40,5000,0.535175879396985,0.29610126785125707,0.4533311344705802,0.05884274720604184,0.3635206938220013,0.34598458167257723,0.08661293983459473,0.0003703275517602662,1990,0.6692885234179478,0.0,0.21901528013582344
savgol,xgboost,40,10000,0.5752525252525252,0.3202368716536752,0.5036831368761778,0.10814097745948292,0.38666740909333464,0.3573982428106755,0.08229994773864746,0.00037677360303474194,1980,0.70276008492569,0.0,0.2579505300353357
savgol,catboost,5,100,0.8125,0.5506795179269047,0.798902122267976,0.638181616578875,0.5415635184583197,0.560155257787862,0.39780402183532715,0.007627606391906738,2000,0.8312593330014932,0.0,0.8207792207792208
savgol,catboost,5,500,0.6338169084542271,0.424723206444691,0.6295232065700942,0.2795583048041359,0.4243377591644483,0.4281935646980847,0.38991522789001465,0.0077252867461562805,1999,0.6265690376569037,0.0,0.6476005816771692
savgol,catboost,5,1000,0.565065065065065,0.3774364710490505,0.562079589674757,0.14138206807322062,0.37904249362600684,0.3807322066271455,0.3822190761566162,0.007624621386523242,1998,0.5501043841336117,0.0,0.5822050290135397
savgol,catboost,5,5000,0.5457286432160804,0.31650333184260226,0.48240515550280866,0.08633831500666714,0.3728954652348547,0.35417866242923773,0.37911319732666016,0.007933108650859277,1990,0.6681350954478708,0.0,0.28137490007993604
savgol,catboost,5,10000,0.5646464646464646,0.3063274190982061,0.48456085821911055,0.07519712933671059,0.37275567068564425,0.34925146216975134,0.378464937210083,0.007790989345974392,1980,0.6979677645409951,0.0,0.2210144927536232
savgol,catboost,10,100,0.8105,0.5493441441814126,0.7969405127568697,0.6343910611836147,0.5402573590692402,0.5588331406881002,0.3840477466583252,0.007544875144958496,2000,0.8283433133732535,0.0,0.8196891191709844
savgol,catboost,10,500,0.6433216608304152,0.4309593798909055,0.6387182545490698,0.2994256195532361,0.43132655614850285,0.4347347778256087,0.3868119716644287,0.00752372226457467,1999,0.6335797254487856,0.0,0.6592984142239308
savgol,catboost,10,1000,0.5675675675675675,0.37933830173172717,0.5651471851464136,0.1449548288427996,0.3801195125698437,0.38205804213210603,0.38089680671691895,0.007710180005750379,1998,0.5584750128799588,0.0,0.5795398923152227
savgol,catboost,10,5000,0.5452261306532663,0.3082955262085729,0.4709390491866246,0.08806353225739193,0.37682846433482137,0.3530860731146392,0.3805830478668213,0.007710384963145807,1990,0.6736386584926073,0.0,0.2512479201331115
savgol,catboost,10,10000,0.548989898989899,0.27787413169911795,0.44612165174630775,0.01577269841917436,0.34297861722139045,0.336160281039972,0.3763160705566406,0.0076327661071160825,1980,0.6944919603147451,0.0,0.1391304347826087
savgol,catboost,20,100,0.8065,0.5466281847727287,0.793014337633891,0.6266479683807487,0.5375932117168157,0.5560733193487164,0.38112616539001465,0.007431626319885254,2000,0.8247628557164254,0.0,0.8151216986017608
savgol,catboost,20,500,0.6298149074537268,0.42198891805191013,0.6254481571494409,0.2719510718802604,0.42187306021104903,0.4255382681125255,0.3854038715362549,0.007861849664150922,1999,0.6215223097112861,0.0,0.6444444444444445
savgol,catboost,20,1000,0.5630630630630631,0.3764533887197274,0.561052463203055,0.1347297446898815,0.37659311590663985,0.37870433868239384,0.377032995223999,0.00808522985265539,1998,0.5590631364562119,0.0,0.5702970297029702
savgol,catboost,20,5000,0.5442211055276381,0.3169817448769002,0.48297605928847637,0.08166289037703145,0.3701776830135039,0.35333870472214257,0.3925929069519043,0.007951918558858748,1990,0.6656837449318098,0.0,0.28526148969889065
savgol,catboost,20,10000,0.5444444444444444,0.2752023619422224,0.44218621813640185,-0.00015510902507345653,0.33209205815466847,0.3332743811311583,0.37493395805358887,0.007621086005008582,1980,0.6911210147411725,0.0,0.1344860710854947
savgol,catboost,40,100,0.8115,0.5499934486373166,0.7979058569182391,0.6361653250366723,0.5408896892090169,0.5594267734063958,0.40794801712036133,0.007709980010986328,2000,0.8301886792452831,0.0,0.8197916666666667
savgol,catboost,40,500,0.6278139069534767,0.4205980058581214,0.6233535629924576,0.2680718732379378,0.4205095961017545,0.4242181360993242,0.40387701988220215,0.007914447259640562,1999,0.6179716237519706,0.0,0.6438223938223938
savgol,catboost,40,1000,0.5645645645645646,0.3774913839916985,0.5626897765710933,0.13711530239074377,0.37733833214194396,0.37955673407600443,0.3797438144683838,0.00749753640817331,1998,0.562753036437247,0.0,0.5697211155378487
savgol,catboost,40,5000,0.5492462311557789,0.3127992069303922,0.47745780296578005,0.09930961116203121,0.3817949909107788,0.3559019830055226,0.38189697265625,0.007532589399634893,1990,0.6755877034358047,0.0,0.2628099173553719
savgol,catboost,40,10000,0.5712121212121212,0.3216152644131919,0.5049258187600157,0.09602965904684979,0.3786901270772238,0.35562071325269634,0.3888711929321289,0.007622771792941623,1980,0.6971428571428572,0.0,0.26770293609671847
kalman,logistic,5,100,0.736,0.513824995519257,0.7074116814122576,0.5139942441148091,0.6028126689167477,0.5319073667570683,2.3061108589172363,0.00010502338409423828,2000,0.7772420443587271,0.01282051282051282,0.751412429378531
kalman,logistic,5,500,0.720360180090045,0.4858611666352573,0.7109241651037177,0.45390236389455113,0.4797962750889036,0.4921405916814792,1.740422248840332,0.0001381134140068081,1999,0.7456647398843931,0.0,0.711918760021379
kalman,logistic,5,1000,0.6991991991991992,0.46797435383420166,0.6962945239422462,0.40380988620836955,0.46589472643357466,0.4706093189964157,2.5129969120025635,0.00011372017311500954,1998,0.7129000969932104,0.0,0.6910229645093946
kalman,logistic,5,5000,0.6190954773869347,0.40498988763102023,0.6134790062125737,0.22035043879655167,0.40758659013050097,0.4057057057057057,1.9369699954986572,0.00018091058012229113,1990,0.6780238500851788,0.0,0.5369458128078818
kalman,logistic,5,10000,0.5595959595959596,0.3552383126595681,0.5449200282636566,0.08342785802236495,0.3609988142862672,0.3597275154773029,1.4781317710876465,0.00012667492182567866,1980,0.6477041852905323,0.0,0.41801075268817206
kalman,logistic,10,100,0.7005,0.4858407017388156,0.6731271352321353,0.4521708315792032,0.46907376862319133,0.5069838158187522,1.3523762226104736,0.00014507770538330078,2000,0.7313746065057712,0.0,0.7261474987106756
kalman,logistic,10,500,0.711855927963982,0.48066113433085206,0.7028321651254974,0.4399342335995143,0.4749551029128029,0.4875374980505063,1.486180067062378,0.0005797662396261607,1999,0.7264529058116233,0.0,0.7155304971809329
kalman,logistic,10,1000,0.6686686686686687,0.4448566233340688,0.6635438012496192,0.3387084978524467,0.4457804162187708,0.44677931387608805,2.469254970550537,0.00017815762692624263,1998,0.705087798289059,0.0,0.6294820717131474
kalman,logistic,10,5000,0.6331658291457286,0.3965461069573311,0.6074615759637753,0.24414756697041448,0.42672884241775993,0.40452447860704743,1.4214258193969727,0.00011549523128336997,1990,0.72052067381317,0.0,0.46911764705882353
kalman,logistic,10,10000,0.5641414141414142,0.358061818752567,0.5491485908430256,0.09268950505015139,0.36436073317503986,0.3626017967320056,1.280785322189331,0.000190373623009884,1980,0.6520681265206812,0.0,0.42211732973701954
kalman,logistic,20,100,0.671,0.46408573001205994,0.643661487959267,0.3909312268818433,0.448,0.48286659646417635,1.4124500751495361,0.0001354217529296875,2000,0.7138079311992356,0.0,0.6784492588369442
kalman,logistic,20,500,0.6818409204602301,0.4588541327014905,0.6718743368380058,0.37807384100600394,0.4548429879353127,0.4647533287496026,1.2987589836120605,0.0001255901769854654,1999,0.7150837988826816,0.0,0.6614785992217899
kalman,logistic,20,1000,0.6476476476476476,0.4307608409107362,0.6426551112141821,0.2963720359537882,0.43132408079342044,0.43270865335381464,1.4279961585998535,0.00014176239838471283,1998,0.6850180505415162,0.0,0.6072644721906924
kalman,logistic,20,5000,0.5663316582914573,0.28908155269055497,0.4646884753943564,0.06660620362441405,0.37518611967728877,0.3450774168664077,1.3734657764434814,0.00016389779709092336,1990,0.7079526226734348,0.0,0.1592920353982301
kalman,logistic,20,10000,0.546969696969697,0.2651899554736659,0.4348337541553432,-0.02937084225780463,0.31128509719222464,0.3284082438292019,1.7940080165863037,0.00026466870548749207,1980,0.6979096426163183,0.0,0.09766022380467955
kalman,logistic,40,100,0.679,0.46980358072976863,0.6515343818479377,0.4059749492781195,0.45287921755511595,0.48889923122005036,3.1880571842193604,0.0007565021514892578,2000,0.7213114754098361,0.0,0.6880992667794699
kalman,logistic,40,500,0.6833416708354177,0.4605682316239978,0.6741120200443635,0.3810715265871303,0.4551716282201712,0.46646325041427844,1.3006460666656494,0.00012201210926508176,1999,0.7114285714285714,0.0,0.6702761234434218
kalman,logistic,40,1000,0.6461461461461462,0.4279907916426373,0.6391821570000189,0.2932846073453736,0.4314316109689728,0.4305273937532002,1.0321080684661865,0.00014021112634851648,1998,0.691597008358997,0.0,0.592375366568915
kalman,logistic,40,5000,0.5678391959798995,0.28105969660591507,0.45469501276984065,0.07324332074175098,0.38633709869983335,0.3445849519244015,0.8640758991241455,0.00011465657296492226,1990,0.7125668449197861,0.0,0.1306122448979592
kalman,logistic,40,10000,0.556060606060606,0.26612164786174713,0.4371401732171003,0.0004872498499845767,0.33272560891001285,0.333431674138468,1.2404241561889648,0.00013582634203361744,1980,0.7063147343802205,0.0,0.09205020920502092
kalman,xgboost,5,100,0.804,0.5569431074803503,0.7719884096053282,0.6416112896888331,0.535713867783378,0.5799383847785958,0.08913207054138184,0.000423431396484375,2000,0.8462679189322788,0.0,0.8245614035087719
kalman,xgboost,5,500,0.7443721860930466,0.5022670992402167,0.734703607221718,0.5010121964007944,0.4959347308490691,0.508781435256916,0.08541536331176758,0.00038118348114486933,1999,0.7655872402126631,0.0,0.7412140575079872
kalman,xgboost,5,1000,0.7067067067067067,0.4726096012045997,0.7035473852461853,0.4167737429844551,0.4704464089767623,0.47479774705581157,0.08534002304077148,0.00038232889261331646,1998,0.7258907363420427,0.0,0.6919380672717566
kalman,xgboost,5,5000,0.6251256281407035,0.3735997512794758,0.578395961728574,0.2339350202527371,0.435787284610814,0.3929987326776317,0.08227205276489258,0.0003827876182057749,1990,0.7297101449275363,0.0,0.3910891089108911
kalman,xgboost,5,10000,0.6171717171717171,0.368189108853107,0.5716887627977809,0.20400839571510104,0.41993453832843414,0.3864968625433522,0.08155226707458496,0.00036966921103121056,1980,0.724087591240876,0.0,0.380479735318445
kalman,xgboost,10,100,0.804,0.5571120293412007,0.772228141207465,0.6417189090308616,0.5359253061300929,0.580042983355115,0.15265488624572754,0.0007458925247192383,2000,0.8466501240694789,0.0,0.8246859639541234
kalman,xgboost,10,500,0.7458729364682342,0.5034937969817541,0.7363980128837134,0.5042062486840778,0.49723717691174496,0.509916102237614,0.08704376220703125,0.00037426588355212766,1999,0.7651331719128329,0.0,0.7453482190324295
kalman,xgboost,10,1000,0.7062062062062062,0.4721413985950564,0.7029507878392851,0.41540303885426705,0.47007652314885645,0.47423451100870456,0.08603787422180176,0.00037695910479571367,1998,0.7268431001890359,0.0,0.6895810955961332
kalman,xgboost,10,5000,0.5517587939698493,0.2545226593279014,0.419024604534974,-0.011560476866397685,0.32191457191457196,0.3319427225390528,0.07916593551635742,0.0003687700434545776,1990,0.7059986816084377,0.0,0.057569296375266525
kalman,xgboost,10,10000,0.5828282828282828,0.3305192992477271,0.5205681726769834,0.11160896727815517,0.3838898739164696,0.36007678282080624,0.08976078033447266,0.00037532864194927794,1980,0.7063435495367071,0.0,0.2852143482064742
kalman,xgboost,20,100,0.8015,0.5551443923758237,0.7695493056944924,0.6368789331735394,0.5340635839291337,0.5780074245401581,0.09611701965332031,0.0003795623779296875,2000,0.8447511089206505,0.0,0.8206820682068207
kalman,xgboost,20,500,0.7403701850925463,0.49955939579671993,0.7307758710906043,0.4932484008756792,0.4932202743596536,0.5060685144523057,0.10117912292480469,0.0003755778417162683,1999,0.762227602905569,0.0,0.7364505844845909
kalman,xgboost,20,1000,0.7007007007007007,0.4684265303326931,0.6974590347439854,0.4044121771126525,0.4663875514197195,0.47049667178699434,0.09002089500427246,0.00038638606563106076,1998,0.7217760982522438,0.0,0.6835034927458356
kalman,xgboost,20,5000,0.5552763819095478,0.2622015795728139,0.429221707044419,0.01195817642285196,0.3426890600512625,0.33494641430421246,0.07905912399291992,0.00037847451828232966,1990,0.7068565750248427,0.0,0.07974816369359916
kalman,xgboost,20,10000,0.5883838383838383,0.3365620265354406,0.5287539280188243,0.12746630966619032,0.3911776978879116,0.36427464032112994,0.1193389892578125,0.0005324681599934896,1980,0.7090779127948534,0.0,0.3006081668114683
kalman,xgboost,40,100,0.802,0.5555557361975935,0.7700829114438538,0.637871366887929,0.5343435315760483,0.5785261081181031,0.08745098114013672,0.0003745555877685547,2000,0.8445544554455445,0.0,0.8221127531472359
kalman,xgboost,40,500,0.7458729364682342,0.5032274803571176,0.7360973939216258,0.503772816216603,0.4971059204942662,0.5096436131767824,0.12714076042175293,0.0003817798257649332,1999,0.7667946257197696,0.0,0.7428878153515834
kalman,xgboost,40,1000,0.7082082082082082,0.473652195729251,0.7050654827115057,0.4198707741281696,0.4714654726592122,0.47587301587301584,0.09027314186096191,0.00038495412221303333,1998,0.7269267364414843,0.0,0.6940298507462687
kalman,xgboost,40,5000,0.5592964824120603,0.25446355314596436,0.41979829379580746,0.02823104300554541,0.3649064551705466,0.33611937625699095,0.07987618446350098,0.00037188506006595473,1990,0.7131174353941773,0.0,0.05027322404371585
kalman,xgboost,40,10000,0.5873737373737373,0.336080412235544,0.528009229571491,0.12465042887539832,0.3897073101958625,0.36367619627564823,0.08022689819335938,0.0003813493131387113,1980,0.7081545064377682,0.0,0.30008673026886384
kalman,catboost,5,100,0.8005,0.5544399618089587,0.7685188156725093,0.6350239841446357,0.5336838914905829,0.57710952215296,0.3822641372680664,0.0075550079345703125,2000,0.8424657534246576,0.0,0.8208541320022186
kalman,catboost,5,500,0.7473736868434218,0.5042327363774973,0.7375908401229905,0.5067381633331718,0.498041896184311,0.5106874504705364,0.3664839267730713,0.007562723202726851,1999,0.7688611244593945,0.0,0.7438370846730975
kalman,catboost,5,1000,0.7247247247247247,0.48467357278711504,0.7214499032869739,0.4524799046517571,0.4824854359559172,0.4868817204301075,0.48433494567871094,0.007600278348416777,1998,0.7434803224276908,0.0,0.7105403959336544
kalman,catboost,5,5000,0.6080402010050251,0.35666531212508223,0.5549524733851542,0.1900556328263948,0.41893138544833114,0.3804116042648153,0.41983795166015625,0.007940656575725305,1990,0.7198275862068966,0.0,0.3501683501683502
kalman,catboost,5,10000,0.5944444444444444,0.3273663131190457,0.518451990392141,0.14802781630892095,0.40937978888085064,0.3648741342684459,0.3714010715484619,0.0079322342920785,1980,0.7213913043478261,0.0,0.260707635009311
kalman,catboost,10,100,0.803,0.5561428256884187,0.7709013928940315,0.6397492827488389,0.5353665031384276,0.5788661514305324,0.37868809700012207,0.0075740814208984375,2000,0.8455522971652004,0.0,0.8228761799000556
kalman,catboost,10,500,0.7468734367183592,0.5040789836919526,0.7372502056339817,0.5061734949197079,0.49761340981649793,0.5107230078286037,0.3727140426635742,0.0077463973457065445,1999,0.7659367396593674,0.0,0.7463002114164905
kalman,catboost,10,1000,0.7262262262262262,0.48516480286787605,0.7224925250222225,0.4545129967396113,0.4837084357283386,0.4870558115719406,0.41657185554504395,0.008443931678871254,1998,0.7494188749418875,0.0,0.7060755336617406
kalman,catboost,10,5000,0.5723618090452262,0.3145918926041503,0.4975777192149282,0.08929644479732689,0.3782090648340419,0.35302504339201585,0.36447978019714355,0.007581471198767274,1990,0.7025515554002097,0.0,0.24122412241224123
kalman,catboost,10,10000,0.5686868686868687,0.287917218031172,0.46600668598106365,0.05996907997189767,0.36998985726902145,0.34381275350754703,0.3678090572357178,0.007789905625160295,1980,0.7111412123264477,0.0,0.15261044176706828
kalman,catboost,20,100,0.8005,0.5544105209551643,0.768505186304812,0.6350309287994022,0.533673818737964,0.5770746559607869,0.37258195877075195,0.007905006408691406,2000,0.8430317848410758,0.0,0.8201997780244173
kalman,catboost,20,500,0.7443721860930466,0.5021539430516962,0.7345974491021952,0.5008330572854485,0.49603295912087564,0.5085694993207136,0.38892102241516113,0.007636789204538793,1999,0.7667946257197696,0.0,0.7396672034353193
kalman,catboost,20,1000,0.7282282282282282,0.4868147957718672,0.7247538928203149,0.4589007799884682,0.4848808475720913,0.4888581669226831,0.3740658760070801,0.007493956549628242,1998,0.7487083137623297,0.0,0.7117360735532721
kalman,catboost,20,5000,0.5708542713567839,0.31158130819057733,0.4936066281564967,0.08436643214527118,0.37641633728590246,0.35163236631126543,0.3873777389526367,0.00771218208811391,1990,0.7024390243902439,0.0,0.2323049001814882
kalman,catboost,20,10000,0.5712121212121212,0.30036128227092973,0.4817938257250443,0.07165981746483197,0.372510570995126,0.34748426022166923,0.3616600036621094,0.007633849827930181,1980,0.7085910652920963,0.0,0.19249278152069296
kalman,catboost,40,100,0.8015,0.5551116168853875,0.7695079870991399,0.6368744889563293,0.5341512487073561,0.5779028259636388,0.36914801597595215,0.007623076438903809,2000,0.8447937131630648,0.0,0.8205411374930978
kalman,catboost,40,500,0.7613806903451726,0.513812345229106,0.7514999970225092,0.5342993520880782,0.5073402365953187,0.5204703006286611,0.37734389305114746,0.007918025327360946,1999,0.7810536491058483,0.0,0.7603833865814696
kalman,catboost,40,1000,0.7267267267267268,0.4857511363333125,0.7231984926940586,0.45577882938953734,0.4839345652404339,0.487741935483871,0.3944120407104492,0.007847288588026503,1998,0.7475409836065574,0.0,0.7097124253933803
kalman,catboost,40,5000,0.5678391959798995,0.29941908799933487,0.4779338142263882,0.07310024361826728,0.37452051936379543,0.3476995343967821,0.4022090435028076,0.00789009745995603,1990,0.7050754458161865,0.0,0.19318181818181818
kalman,catboost,40,10000,0.5818181818181818,0.31146384549330625,0.49700533766929006,0.10802364161887627,0.39205236823614803,0.35512754557448883,0.44304466247558594,0.007833856524843159,1980,0.7149258876249569,0.0,0.21946564885496184
wavelet,logistic,5,100,0.7555,0.5176224294727846,0.7338566377015846,0.5389190300222239,0.5030418890972923,0.5331381381381382,1.5724678039550781,0.0002593994140625,2000,0.7925636007827789,0.0,0.7603036876355749
wavelet,logistic,5,500,0.6793396698349174,0.45456683485846233,0.6752920632042696,0.3633526175428134,0.4518005371175586,0.45737272398640333,1.3841259479522705,0.00018212364696752672,1999,0.7046095954844779,0.0,0.6590909090909091
wavelet,logistic,5,1000,0.5835835835835835,0.38992449992581496,0.5814030184131446,0.17174315481161187,0.3884572459293989,0.3914035513349276,1.394057035446167,0.00026371624615337995,1998,0.6048076923076923,0.0,0.5649658074697528
wavelet,logistic,5,5000,0.542713567839196,0.33581106476567174,0.5102573761982451,0.0690883522535886,0.3593561223434946,0.35327034469274193,1.5201752185821533,0.0002438099540058692,1990,0.6436691493531949,0.0,0.3637640449438202
wavelet,logistic,5,10000,0.5222222222222223,0.32733326625691883,0.5033360667096177,0.005434320602051623,0.33465785158867645,0.3350211879623644,1.5162138938903809,0.00010548215923887311,1980,0.6178730287100688,0.0,0.3641267700606878
wavelet,logistic,10,100,0.75,0.5141097846769306,0.7287782651257995,0.5300469457068209,0.49990933188264347,0.529975975975976,1.8352739810943604,0.00031745433807373047,2000,0.7854291417165669,0.0,0.7569002123142251
wavelet,logistic,10,500,0.6618309154577289,0.4437730448725095,0.6582811028242067,0.33509359604953637,0.44215440278546025,0.4478793401811327,2.7538678646087646,0.0009604726450749789,1999,0.6742349457058243,0.0,0.6570841889117043
wavelet,logistic,10,1000,0.5840840840840841,0.3890336538257994,0.5807236644898108,0.1705138259033102,0.3883157953512926,0.3906736853407706,1.3687758445739746,0.0013047391110593016,1998,0.6176744186046511,0.0,0.5494265428727472
wavelet,logistic,10,5000,0.5462311557788945,0.3094258961966867,0.4746854543654439,0.07938212554896323,0.3717038263980819,0.3515028201639687,1.526449203491211,0.00016928917199523005,1990,0.6741248646697943,0.0,0.2541528239202658
wavelet,logistic,10,10000,0.5510101010101011,0.3482507264687245,0.5337249278168812,0.06882779452627562,0.35735537190082645,0.3546469869999282,1.4957959651947021,0.00011005786934284248,1980,0.6404539927036887,0.0,0.4042981867024849
wavelet,logistic,20,100,0.7155,0.49066605984850237,0.6946520107349529,0.4777417385020781,0.48412233325390325,0.5086156156156156,2.7295870780944824,0.00011098384857177734,2000,0.7336574824419233,0.0,0.7383406971035837
wavelet,logistic,20,500,0.6413206603301651,0.43012865082330193,0.637437510302824,0.29893128630622984,0.43032757139919436,0.435219776972316,2.057468891143799,0.00015767351754490528,1999,0.6450632911392405,0.0,0.6453226613306653
wavelet,logistic,20,1000,0.5645645645645646,0.375132452731714,0.5603946851757275,0.1306394070828166,0.37498499653556366,0.37708621728939734,1.363196849822998,0.00016753737990920608,1998,0.6048646167966958,0.0,0.5205327413984462
wavelet,logistic,20,5000,0.528643216080402,0.24635983453021634,0.38627910617379035,0.021849938969632783,0.35666266163176563,0.33558525530834427,1.4736731052398682,0.00015191696397024183,1990,0.6862876254180602,0.0,0.05279187817258883
wavelet,logistic,20,10000,0.5474747474747474,0.23856505720380064,0.39378294874280917,-0.0357732021691127,0.26663272233537,0.33117862529627234,2.6556100845336914,0.0001667725919473051,1980,0.7068062827225131,0.0,0.008888888888888889
wavelet,logistic,40,100,0.664,0.4545114460008077,0.6447825536165962,0.3634297412123622,0.4418537986315389,0.46793393393393395,3.0622310638427734,0.00013113021850585938,2000,0.7030947775628626,0.0,0.6604395604395604
wavelet,logistic,40,500,0.6043021510755378,0.4052690796420349,0.6009156834739746,0.2223850235218968,0.40422290234642855,0.4093721521910347,2.117751121520996,0.0001216543024930434,1999,0.6122448979591837,0.0,0.6035623409669211
wavelet,logistic,40,1000,0.5825825825825826,0.38945366717156293,0.5791050721777469,0.17857902404868892,0.39126896493236646,0.39332709481394196,1.3421440124511719,0.00024462366724634793,1998,0.5690376569037657,0.0,0.5993233446109232
wavelet,logistic,40,5000,0.521608040201005,0.2341245933244969,0.36885289200551497,-0.03596745829187711,0.2819644677442843,0.33049178391325246,2.137065887451172,0.00020846649629985867,1990,0.6837209302325581,0.0,0.01865284974093264
wavelet,logistic,40,10000,0.5525252525252525,0.24000429990887126,0.3961537492828858,0.02425401213140486,0.4062816616008105,0.3342311283487754,1.4828591346740723,0.000320179293854068,1980,0.7110241356816699,0.0,0.008988764044943821
wavelet,xgboost,5,100,0.8475,0.5810601819652016,0.823221174235356,0.7151517526259683,0.5646452356557377,0.5988438438438438,0.3020191192626953,0.0004194974899291992,2000,0.8794466403162056,0.0,0.8637339055793991
wavelet,xgboost,5,500,0.7493746873436719,0.5025975752924504,0.7449159625233142,0.5116418606472247,0.5017779466274292,0.5081223119776009,0.08685517311096191,0.0003786788337406008,1999,0.7548872180451128,0.0,0.7529055078322385
wavelet,xgboost,5,1000,0.6281281281281281,0.4191795925442101,0.622935534111102,0.2753361026542467,0.4249728826402188,0.4249281177136574,0.0912320613861084,0.00036884475876022507,1998,0.6043243243243244,0.0,0.653214453308306
wavelet,xgboost,5,5000,0.571356783919598,0.33870446376933144,0.5166579122805507,0.14478087070151238,0.397212492914965,0.3695538383830155,0.08472990989685059,0.0003748802683461251,1990,0.6851441241685144,0.0,0.3309692671394799
wavelet,xgboost,5,10000,0.6015151515151516,0.37345008677365926,0.5732859759799731,0.17671721602032994,0.4010427919568184,0.38438195791136964,0.08487510681152344,0.00036870590364090124,1980,0.6957528957528958,0.0,0.424597364568082
wavelet,xgboost,10,100,0.8515,0.5838095967734881,0.8270867756008554,0.7226785898229515,0.567297226344672,0.6016366366366367,0.09053516387939453,0.0003619194030761719,2000,0.8830784410458806,0.0,0.8683503492745835
wavelet,xgboost,10,500,0.7488744372186094,0.5022409581642492,0.7445114415280599,0.5088678444698476,0.5006667134770412,0.5073653016426746,0.08907270431518555,0.0005177463991395112,1999,0.7560854446100348,0.0,0.7506374298827129
wavelet,xgboost,10,1000,0.6171171171171171,0.4117743646978748,0.6118753745565165,0.253063934821273,0.4173686040657875,0.4175163081556748,0.09215593338012695,0.0004339981842804719,1998,0.5924324324324325,0.0,0.6428906616611919
wavelet,xgboost,10,5000,0.5281407035175879,0.28197658786788277,0.4356657893924546,0.023555101342730898,0.3452474897787398,0.33805544466802995,0.0826270580291748,0.000372364293390782,1990,0.6697183098591549,0.0,0.1762114537444934
wavelet,xgboost,10,10000,0.5671717171717172,0.33025908979465773,0.5144344666491638,0.08980912852828227,0.3719105968423646,0.35622710622710624,0.08474922180175781,0.00037376326744002525,1980,0.6862170087976539,0.0,0.30456026058631924
wavelet,xgboost,20,100,0.8515,0.5837811372646754,0.8270861300089614,0.7225801383700118,0.5672672071531045,0.6015525525525526,0.09144806861877441,0.00037539005279541016,2000,0.8837438423645321,0.0,0.8675995694294941
wavelet,xgboost,20,500,0.751375687843922,0.5038511856975654,0.7471345846297461,0.5121298099141262,0.5016765201038834,0.5085460040987831,0.08816075325012207,0.0003601921505186187,1999,0.7618110236220472,0.0,0.7497425334706488
wavelet,xgboost,20,1000,0.6191191191191191,0.41402585718906676,0.615845098950236,0.25114530063683593,0.4157558398380301,0.41778168308185576,0.08517313003540039,0.00035738921141600585,1998,0.609375,0.0,0.6327025715672003
wavelet,xgboost,20,5000,0.5175879396984925,0.2735519019955119,0.42334630738938456,-0.011546854046054485,0.3257025870091197,0.3309992640689114,0.08270692825317383,0.0003643371351999254,1990,0.6622050017611835,0.0,0.15845070422535212
wavelet,xgboost,20,10000,0.5772727272727273,0.3354336585747564,0.5223464417914648,0.11650024234670693,0.38469175550131923,0.3624039359333477,0.08288311958312988,0.00035810952234749844,1980,0.6955571740713765,0.0,0.31074380165289256
wavelet,xgboost,40,100,0.853,0.5848090551243743,0.8285231835495603,0.7253217281767825,0.5682582398586099,0.6025525525525526,0.09225225448608398,0.0003598928451538086,2000,0.8849557522123894,0.0,0.8694714131607335
wavelet,xgboost,40,500,0.742871435717859,0.4982002603569584,0.7385834231914374,0.49640589474105495,0.4964315313870174,0.5031459054091018,0.1541891098022461,0.000712751089900419,1999,0.7508667657256067,0.0,0.7437340153452685
wavelet,xgboost,40,1000,0.6241241241241241,0.41737930616205726,0.6208456227333593,0.2611597361027415,0.4191381128677037,0.4211506874263933,0.20069479942321777,0.0006467611104757101,1998,0.6145833333333334,0.0,0.6375545851528385
wavelet,xgboost,40,5000,0.521608040201005,0.27046092051320353,0.41933265891274824,-0.0010325786935985605,0.331363113013094,0.33312932291624237,0.12688302993774414,0.0006361822387081894,1990,0.6685256186824677,0.0,0.14285714285714285
wavelet,xgboost,40,10000,0.5717171717171717,0.3283835806996153,0.5126821611647592,0.10119557024206144,0.37880539722933965,0.3580406521582992,0.09473299980163574,0.0003661772217413392,1980,0.6934491494752081,0.0,0.2917015926236379
wavelet,catboost,5,100,0.8505,0.5830567217909061,0.8260739836067705,0.7203657510647694,0.5665720743236046,0.6006336336336336,0.3892390727996826,0.007532477378845215,2000,0.8829005389514943,0.0,0.8662696264212236
wavelet,catboost,5,500,0.7483741870935467,0.5018629515906221,0.7441487743215139,0.5069595812932476,0.49999699320464247,0.5067065686367491,0.3819849491119385,0.0076289174555539485,1999,0.7582797825012358,0.0,0.7473090722706305
wavelet,catboost,5,1000,0.6281281281281281,0.41907499684483457,0.6227283267237306,0.2759377474868373,0.4252910875348676,0.42502088001179744,0.40088796615600586,0.0076005170056531145,1998,0.6030368763557483,0.0,0.6541881141787552
wavelet,catboost,5,5000,0.557286432160804,0.32136054421768706,0.49187160291252185,0.10996798178739967,0.38450678939809374,0.3592915373356036,0.3791191577911377,0.007815097444620563,1990,0.68,0.0,0.28408163265306124
wavelet,catboost,5,10000,0.5787878787878787,0.3294119817992536,0.5149096133073756,0.12130073679841014,0.39017578549101173,0.361811391223156,0.4099922180175781,0.0077711211310492615,1980,0.7015406664278037,0.0,0.28669527896995706
wavelet,catboost,10,100,0.8515,0.5837662337662337,0.82704329004329,0.7222989034295182,0.5672542735042735,0.6013843843843844,0.38541603088378906,0.0077021121978759766,2000,0.8833333333333333,0.0,0.8679653679653679
wavelet,catboost,10,500,0.7503751875937968,0.5031758562444483,0.7461258786083653,0.5098951913377073,0.5009034020800281,0.5078182020609375,0.38538694381713867,0.0075648700433590815,1999,0.7606879606879607,0.0,0.7488396080453842
wavelet,catboost,10,1000,0.6191191191191191,0.41226240396136776,0.612223409345839,0.26131049208339313,0.4209069752371614,0.4195132459804703,0.38263392448425293,0.007884877102749724,1998,0.5848535102266446,0.0,0.6519337016574586
wavelet,catboost,10,5000,0.5517587939698493,0.305622230683066,0.4698469669608118,0.09958777563562238,0.38507836060458017,0.3543233235842831,0.38158106803894043,0.007650600605873607,1990,0.6837060702875399,0.0,0.23316062176165803
wavelet,catboost,10,10000,0.5454545454545454,0.2799566309596353,0.44746828895115726,0.010760211805110243,0.338444231086284,0.33534439416792355,0.38103795051574707,0.007894544890432646,1980,0.6901068597035505,0.0,0.14976303317535544
wavelet,catboost,20,100,0.851,0.5834343665772482,0.8265819705778465,0.7215047275443531,0.5669233634080998,0.6011351351351352,0.3909029960632324,0.007770538330078125,2000,0.8829891838741396,0.0,0.8673139158576052
wavelet,catboost,20,500,0.7508754377188595,0.5035154943283763,0.7466195281748164,0.5109700779302415,0.501269030448718,0.5081821030798603,0.381378173828125,0.007561291975638699,1999,0.7610619469026548,0.0,0.7494845360824742
wavelet,catboost,20,1000,0.6266266266266266,0.41786012896199515,0.6208196618078151,0.27402494170669534,0.4248523538379641,0.424180242921693,0.3858499526977539,0.007757553467163452,1998,0.5990180032733224,0.0,0.654562383612663
wavelet,catboost,20,5000,0.528643216080402,0.29606243084093437,0.45509705037488285,0.027981125631048816,0.3459404227550129,0.3397676385845139,0.38777709007263184,0.007612142131556219,1990,0.6613661004698229,0.0,0.22682119205298013
wavelet,catboost,20,10000,0.556060606060606,0.2878602562842067,0.4588695091709545,0.048349192218399034,0.36102735085878246,0.342329239388063,0.4307560920715332,0.007922721631599194,1980,0.6978664831383344,0.0,0.1657142857142857
wavelet,catboost,40,100,0.8525,0.5844512923662116,0.8280286403321374,0.7242843936702466,0.5679144749161602,0.6021351351351352,0.3913888931274414,0.0076225996017456055,2000,0.884634266077565,0.0,0.8687196110210696
wavelet,catboost,40,500,0.751375687843922,0.5037990951670128,0.7471262347205859,0.5108432478633245,0.5011826460704715,0.50820203344728,0.384768009185791,0.007659450300101222,1999,0.7626953125,0.0,0.7487019730010385
wavelet,catboost,40,1000,0.6316316316316316,0.4211771363203671,0.6257299871349556,0.2841835798327247,0.4281912892248263,0.4275801680322772,0.401731014251709,0.00763965679241253,1998,0.6033824331696672,0.0,0.660148975791434
wavelet,catboost,40,5000,0.5507537688442211,0.313504277390979,0.4806217333878097,0.09238604033504277,0.37726673950858186,0.3545914903555009,0.3841409683227539,0.0076593466140517045,1990,0.6772677990603542,0.0,0.2632450331125828
wavelet,catboost,40,10000,0.5616161616161616,0.30067864788603527,0.47603183317347636,0.0690479497823581,0.3700356590737512,0.347410759175465,0.4050290584564209,0.00798280793006974,1980,0.6978041129313349,0.0,0.20423183072677092
ma,logistic,5,100,0.7485,0.5140043075413961,0.7252136135367686,0.5280229791788372,0.4984043235614856,0.5306294777612103,2.497136116027832,0.00011301040649414062,2000,0.7872549019607843,0.0,0.754758020663404
ma,logistic,5,500,0.71935967983992,0.4823702081283372,0.7127619249104583,0.44572755209194714,0.47943028358190815,0.4861131434521431,1.7139027118682861,0.00015707717292484132,1999,0.7456836210919272,0.0,0.7014270032930845
ma,logistic,5,1000,0.6376376376376376,0.42558644934483864,0.6358285130768352,0.27751076980178024,0.4246634701906324,0.4266254294557587,1.412156105041504,0.00015023473027470828,1998,0.6567593480345159,0.0,0.62
ma,logistic,5,5000,0.5608040201005026,0.35730810419987535,0.5409462903006713,0.1081878444081368,0.37164675665796515,0.366586354909789,2.0676448345184326,0.00011202078967837232,1990,0.645240032546786,0.0,0.42668428005284015
ma,logistic,5,10000,0.5227272727272727,0.3247961761296947,0.5004435070202307,0.0028827752793566122,0.33304248354233495,0.3341786195969115,1.2793469429016113,0.00017026458123717647,1980,0.6238019169329073,0.0,0.3505866114561767
ma,logistic,10,100,0.7515,0.5165663947964271,0.7283715678996721,0.5371839719944819,0.5017409641508509,0.5342764665236207,1.9491379261016846,0.00014352798461914062,2000,0.782475802343352,0.0,0.767223382045929
ma,logistic,10,500,0.6983491745872936,0.4694285449162308,0.6924250919333076,0.41204971476799984,0.46759091543361936,0.47503299311079633,1.3398308753967285,0.000133104119198271,1999,0.7023445463812437,0.0,0.7059410883674488
ma,logistic,10,1000,0.6156156156156156,0.4114313624782218,0.6139883062614867,0.23716440465405217,0.41116725268831783,0.4131287551516957,1.2718651294708252,0.00024271440935564473,1998,0.6151515151515151,0.0,0.6191425722831505
ma,logistic,10,5000,0.535678391959799,0.3004502818323738,0.46303644198801286,0.040546613377252703,0.35123490606952906,0.342693948120514,1.1618480682373047,0.00016126201380437343,1990,0.6676279740447008,0.0,0.2337228714524207
ma,logistic,10,10000,0.5515151515151515,0.35977991181722885,0.5461403340320337,0.08424860732164163,0.3609635296027069,0.36108528099354076,1.3751640319824219,0.0001656888711332071,1980,0.6161178509532063,0.0,0.46322188449848023
ma,logistic,20,100,0.679,0.466340472732581,0.657969699020033,0.3962097785351387,0.45217057562180335,0.4815358645185535,1.1732900142669678,0.00017249584197998047,2000,0.7143561914158856,0.0,0.6846652267818575
ma,logistic,20,500,0.6518259129564783,0.4376990044995092,0.6465380447479676,0.31391776796017856,0.43404393930282437,0.44148362624988974,1.8875198364257812,0.0004042023834793373,1999,0.672463768115942,0.0,0.6406332453825857
ma,logistic,20,1000,0.6011011011011012,0.4013385020528986,0.5995545835971368,0.20507865854305798,0.4003471828443903,0.40233945507295726,3.2383599281311035,0.00015572384671048002,1998,0.6179883945841392,0.0,0.5860271115745568
ma,logistic,20,5000,0.5296482412060302,0.23594474173253024,0.3745073125518329,-0.00436610199955418,0.32495680264442944,0.3330565372951982,1.4368648529052734,0.0002010383797650361,1990,0.6908850726552179,0.0,0.01694915254237288
ma,logistic,20,10000,0.5454545454545454,0.23940024241265065,0.39573516370713485,-0.051162645607274536,0.25483021077283374,0.3292185435974246,1.4835140705108643,0.000157019104620423,1980,0.7049556941253692,0.0,0.013245033112582781
ma,logistic,40,100,0.667,0.45801696365046246,0.6463015996354654,0.37313910446760123,0.44410606977374756,0.4728746923906851,2.174394130706787,0.0001289844512939453,2000,0.7030481809242871,0.0,0.6710027100271003
ma,logistic,40,500,0.6418209104552276,0.4314415552716082,0.6365490489221798,0.2988585696301817,0.4290713017272412,0.43622963551044625,1.453639030456543,0.0017684003363376024,1999,0.64851235501765,0.0,0.6458123107971746
ma,logistic,40,1000,0.6016016016016016,0.3986963239204262,0.5966235397824534,0.20440404363653572,0.4013711736793426,0.4009372953213263,2.132730007171631,0.0001590650480192106,1998,0.6429215509467989,0.0,0.5531674208144797
ma,logistic,40,5000,0.5276381909547738,0.23219152378235017,0.3692217039393402,-0.03379351166689201,0.2597741826761038,0.33157233784933565,1.5132570266723633,0.00016533549706540515,1990,0.6901779828609097,0.0,0.006396588486140725
ma,logistic,40,10000,0.5555555555555556,0.2456037404713101,0.4047849541595774,0.03766356022330315,0.40060731373547886,0.3356830072497686,1.2318239212036133,0.0001783322806310172,1980,0.7122302158273381,0.0,0.024581005586592177
ma,xgboost,5,100,0.804,0.5576908654486448,0.7797295015382473,0.6340240379748814,0.8688584667087588,0.5728923965509486,0.28583598136901855,0.00037348270416259766,2000,0.8381046396841066,0.01639344262295082,0.8185745140388769
ma,xgboost,5,500,0.7488744372186094,0.5034049087611329,0.742678009528637,0.5102352126307501,0.5006484355238275,0.5090362206413204,0.08475589752197266,0.0003616233776067722,1999,0.7558022199798183,0.0,0.7544125063035805
ma,xgboost,5,1000,0.6706706706706707,0.44820899180457213,0.6688457612452656,0.3476834070917853,0.4483436720759397,0.4502044126653095,0.0944361686706543,0.0003757658186140242,1998,0.669379450661241,0.0,0.6752475247524753
ma,xgboost,5,5000,0.5733668341708543,0.33480165127572686,0.5125128697654973,0.14673625513820113,0.4011156183269417,0.36867255165041346,0.08708477020263672,0.0003935703680143883,1990,0.6909355660720786,0.0,0.313469387755102
ma,xgboost,5,10000,0.6015151515151516,0.3706132640030237,0.5696614588530315,0.17554869567552403,0.4016837807001741,0.38324717515593415,0.07942891120910645,0.0003646118472320865,1980,0.6992366412213741,0.0,0.41260315078769694
ma,xgboost,10,100,0.801,0.5504627556351694,0.7763044894760412,0.628213666145717,0.5338259560228487,0.5682585827544823,0.0889883041381836,0.0003745555877685547,2000,0.8364532019704434,0.0,0.814935064935065
ma,xgboost,10,500,0.7413706853426714,0.4982770583794422,0.7354044926114757,0.4927263682687227,0.49449964158567306,0.5031979534758221,0.08666610717773438,0.0003813027500688821,1999,0.7537091988130564,0.0,0.7411219763252702
ma,xgboost,10,1000,0.6566566566566566,0.4386732794365705,0.65439056624819,0.3219161264229036,0.44004180506415946,0.4412286986396922,0.09231305122375488,0.00038877263799443973,1998,0.6487046632124353,0.0,0.6673151750972762
ma,xgboost,10,5000,0.5326633165829145,0.2784644460913204,0.432933004565787,0.02710619502733784,0.3487933634992458,0.3384513329842704,0.0825490951538086,0.00038793937644766803,1990,0.6766342141863699,0.0,0.15875912408759124
ma,xgboost,10,10000,0.556060606060606,0.31931492909109765,0.4993140655336178,0.05736618045314811,0.3577834410308179,0.3477995860246929,0.0805051326751709,0.00035088471692017837,1980,0.6800291545189504,0.0,0.27791563275434245
ma,xgboost,20,100,0.803,0.5516806000224524,0.7780366288810542,0.6319052210115634,0.5348824786324786,0.5696424458425767,0.08796906471252441,0.00035953521728515625,2000,0.8385826771653543,0.0,0.8164591229020033
ma,xgboost,20,500,0.7508754377188595,0.5046755376906524,0.7448075785244067,0.5114630737718353,0.5008329629051184,0.5096768837206889,0.08665108680725098,0.00036365094931498955,1999,0.7626112759643917,0.0,0.7514153371075656
ma,xgboost,20,1000,0.6516516516516516,0.4355154474099228,0.6500881610566378,0.3079016361701099,0.43478156252349803,0.43701985486582534,0.08399105072021484,0.00036884475876022507,1998,0.655688622754491,0.0,0.6508577194752775
ma,xgboost,20,5000,0.5206030150753769,0.2731928197940812,0.4248617352299745,-0.012668587052833743,0.3254271721666049,0.33083126077186553,0.0799717903137207,0.0003778754766262955,1990,0.6657323055360898,0.0,0.15384615384615385
ma,xgboost,20,10000,0.5782828282828283,0.33618184725987144,0.5235302658526325,0.11703917299068643,0.3850948187822543,0.36269853652447964,0.08097720146179199,0.00035618290756687975,1980,0.6962531829756275,0.0,0.3122923588039867
ma,xgboost,40,100,0.803,0.5516843605557257,0.7780549771555686,0.6319819112698066,0.5348815862248751,0.5696822229091659,0.08801817893981934,0.00036215782165527344,2000,0.838836865450961,0.0,0.8162162162162162
ma,xgboost,40,500,0.753376688344172,0.5063832740033599,0.7472873888222107,0.5169974235119582,0.5027461356803345,0.5115390270015965,0.08716201782226562,0.00036317387361893837,1999,0.76441351888668,0.0,0.7547363031233999
ma,xgboost,40,1000,0.6671671671671672,0.4458590364316894,0.6653193302979045,0.3408635136705481,0.44608040443721725,0.4478895485896827,0.0894918441772461,0.000383402850176837,1998,0.6653082017320427,0.0,0.6722689075630253
ma,xgboost,40,5000,0.5261306532663317,0.27497697047749364,0.42770203139331653,0.004721921754032925,0.3353528560719871,0.3342591683574405,0.08210110664367676,0.0003674521518113026,1990,0.6710847575863271,0.0,0.15384615384615385
ma,xgboost,40,10000,0.5702020202020202,0.3252890401149056,0.508743733341192,0.09438983381928247,0.3765265596778098,0.35617270467334433,0.08068084716796875,0.0003600361371281171,1980,0.6935541951746489,0.0,0.282312925170068
ma,catboost,5,100,0.8045,0.5527774255612585,0.7795009517837489,0.6348889359162802,0.5359281786855564,0.5708493956916513,0.4565091133117676,0.008477449417114258,2000,0.8386778490379871,0.0,0.8196544276457883
ma,catboost,5,500,0.7463731865932967,0.5017094343303267,0.7403136475302265,0.5043276011187374,0.49857167682600795,0.5070661470792233,0.43935370445251465,0.007569163724623542,1999,0.755889724310777,0.0,0.749238578680203
ma,catboost,5,1000,0.6571571571571572,0.4389690389055238,0.6547908810725253,0.3231887982869424,0.4404823019916018,0.44162357330836405,0.38458895683288574,0.007947405298670253,1998,0.6479750778816199,0.0,0.6689320388349514
ma,catboost,5,5000,0.5467336683417086,0.3121809491155279,0.47975998013658194,0.07244372550680166,0.36693214954084513,0.3505246852979034,0.4437088966369629,0.008185424996380829,1990,0.6729514140681654,0.0,0.26359143327841844
ma,catboost,5,10000,0.5686868686868687,0.31653010167779844,0.49748721463759676,0.08910057700204599,0.3768797953964194,0.3535290181434907,0.39291906356811523,0.007813627069646662,1980,0.6971631205673758,0.0,0.2524271844660194
ma,catboost,10,100,0.8035,0.5520351119070303,0.7784685076710887,0.6326607594158834,0.5352695154399045,0.569898913214775,0.4056079387664795,0.007673978805541991,2000,0.8378245957863792,0.0,0.8182807399347116
ma,catboost,10,500,0.7508754377188595,0.5047431249072366,0.7447556995214101,0.5135739714044565,0.5017415230720882,0.5102165351266365,0.41384410858154297,0.007992926211640978,1999,0.7597989949748744,0.0,0.7544303797468355
ma,catboost,10,1000,0.6626626626626627,0.4422121788792623,0.6593706383346756,0.3377106116164705,0.4460319216052569,0.4458489687150495,0.4632401466369629,0.009235199745949564,1998,0.6454013822434875,0.0,0.6812351543942993
ma,catboost,10,5000,0.5417085427135678,0.2987884436160298,0.46124227849405464,0.05805952226058998,0.36267027497095833,0.34595005126862577,0.39760279655456543,0.007946287567292027,1990,0.6756756756756757,0.0,0.2206896551724138
ma,catboost,10,10000,0.5373737373737374,0.2687800306771517,0.43277474649691494,-0.02641228213187943,0.3163470319634703,0.3285611757730833,0.3722529411315918,0.007890330420600042,1980,0.6863013698630137,0.0,0.12003872216844143
ma,catboost,20,100,0.805,0.5531063188353911,0.779990344975658,0.6358398488938942,0.5362502398771829,0.5711854171970275,0.3809070587158203,0.007608890533447266,2000,0.8396645288603848,0.0,0.8196544276457883
ma,catboost,20,500,0.7568784392196098,0.5086833176611901,0.7507911353547772,0.5230695683974479,0.504755431155532,0.5136495483013953,0.37653112411499023,0.007843959325549005,1999,0.769990128331688,0.0,0.7560598246518824
ma,catboost,20,1000,0.6531531531531531,0.43624321017532536,0.6506813308347069,0.31558553156746233,0.4379933024919474,0.43900841532302876,0.380023717880249,0.007614717111215219,1998,0.6427083333333333,0.0,0.6660212971926428
ma,catboost,20,5000,0.5346733668341709,0.2949871609637199,0.45554936538697705,0.03664495735348404,0.3506071769682085,0.34144223007613933,0.3729438781738281,0.007852717260619504,1990,0.6697607997143877,0.0,0.215200683176772
ma,catboost,20,10000,0.5494949494949495,0.28165229605760983,0.4506844996604908,0.020303634202206027,0.3449035812672176,0.3371461360571106,0.3703172206878662,0.007720065839362867,1980,0.6934707903780069,0.0,0.15148609779482264
ma,catboost,40,100,0.8075,0.5547876954819347,0.7823990908771189,0.640489637819159,0.537890464730188,0.5728655247239093,0.3783681392669678,0.007535457611083984,2000,0.8429345150172329,0.0,0.8214285714285714
ma,catboost,40,500,0.752376188094047,0.5057233824039834,0.7463164605598379,0.5155447774304959,0.502316470788622,0.5109668581391366,0.37952303886413574,0.0076519363578884175,1999,0.7634730538922155,0.0,0.7536970933197348
ma,catboost,40,1000,0.6506506506506506,0.4346942820667876,0.6484820332325877,0.30950914047022576,0.4358038153196899,0.43712862273863323,0.38912320137023926,0.0074714034407943105,1998,0.643595041322314,0.0,0.6604878048780488
ma,catboost,40,5000,0.5422110552763819,0.2971309586459849,0.4590341602101288,0.05973630057770056,0.3641998336890493,0.3460441346510461,0.3694889545440674,0.007781431303551449,1990,0.6772936592277718,0.0,0.21409921671018275
ma,catboost,40,10000,0.5626262626262626,0.3004338189367691,0.4762632488010315,0.06872068334072172,0.37067613944700106,0.3473180016850251,0.37000203132629395,0.007558109784367109,1980,0.6988873435326843,0.0,0.20241411327762301
